Emp_ID	Date
1001	5/24/2023
1002	1/20/2024
1003	3/14/2024
1004	7/15/2023
1005	3/14/2024
1006	3/14/2024
1007	3/14/2024
1008	3/14/2024
1009	8/11/2023
1010	3/14/2024
1011	3/14/2024
1012	3/14/2024
1013	3/14/2024
1014	3/14/2024
1015	3/14/2024
1016	10/17/2023
1017	3/14/2024
1018	3/14/2024
1019	3/14/2024
1020	11/25/2023
1021	3/14/2024
1022	3/14/2024
1023	2/9/2023
1024	3/14/2024
1025	3/14/2024
1026	3/14/2024
1027	3/14/2024
1028	3/14/2024
1029	3/14/2024
1030	3/14/2024
1031	3/14/2024
1032	3/14/2024
1033	3/19/2023
1034	3/14/2024
1035	3/14/2024
1036	3/14/2024
1037	3/14/2024
1038	3/14/2024
1039	3/14/2024
1040	3/14/2024
1041	12/20/2023
1042	3/14/2024
1043	3/14/2024
1044	3/14/2024
1045	3/14/2024
1046	3/14/2024
1047	4/7/2023
1048	3/14/2024
1049	3/14/2024
1050	3/14/2024
1051	3/14/2024
1052	2/8/2023
1053	4/22/2023
1054	3/14/2024
1055	2/17/2023
1056	3/14/2024
1057	3/14/2024
1058	3/14/2024
1059	3/14/2024
1060	3/14/2024
1061	3/14/2024
1062	3/14/2024
1063	3/14/2024
1064	3/14/2024
1065	8/8/2023
1066	3/14/2024
1067	3/14/2024
1068	3/14/2024
1069	3/14/2024
1070	3/14/2024
1071	3/14/2024
1072	6/5/2023
1073	1/11/2024
1074	9/22/2023
1075	3/14/2024
1076	3/14/2024
1077	3/14/2024
1078	3/14/2024
1079	3/14/2024
1080	3/14/2024
1081	3/14/2024
1082	3/14/2024
1083	4/23/2023
1084	2/11/2023
1085	3/14/2024
1086	3/14/2024
1087	3/14/2024
1088	6/2/2023
1089	3/14/2024
1090	11/9/2023
1091	3/14/2024
1092	3/14/2024
1093	3/14/2024
1094	3/14/2024
1095	3/14/2024
1096	3/14/2024
1097	3/14/2024
1098	3/14/2024
1099	3/14/2024
1100	3/14/2024
1101	3/14/2024
1102	3/14/2024
1103	3/14/2024
1104	3/14/2024
1105	10/8/2023
1106	5/31/2023
1107	3/14/2024
1108	3/14/2024
1109	3/6/2023
1110	3/14/2024
1111	9/27/2024
1112	5/31/2023
1113	7/2/2023
1114	3/14/2024
1115	2/25/2023
1116	3/14/2024
1117	1/31/2024
1118	3/14/2024
1119	10/13/2023
1120	3/14/2024
1121	3/14/2024
1122	3/14/2024
1123	3/14/2024
1124	3/14/2024
1125	3/14/2024
1126	3/14/2024
1127	3/14/2024
1128	3/14/2024
1129	4/11/2023
1130	3/14/2024
1131	3/14/2024
1132	6/5/2023
1133	3/14/2024
1134	3/14/2024
1135	3/14/2024
1136	7/20/2023
1137	3/14/2024
1138	3/14/2024
1139	3/14/2024
1140	8/3/2023
1141	2/6/2023
1142	8/21/2023
1143	3/14/2024
1144	3/14/2024
1145	2/17/2023
1146	3/14/2024
1147	3/14/2024
1148	3/14/2024
1149	3/14/2024
1150	3/14/2024
1151	3/14/2024
1152	3/14/2024
1153	3/14/2024
1154	4/18/2023
1155	6/3/2023
1156	3/14/2024
1157	3/14/2024
1158	4/3/2023
1159	3/14/2024
1160	3/14/2024
1161	8/29/2024
1162	1/18/2024
1163	3/14/2024
1164	3/14/2024
1165	3/14/2024
1166	3/14/2024
1167	3/14/2024
1168	3/14/2024
1169	3/14/2024
1170	3/14/2024
1171	3/14/2024
1172	3/14/2024
1173	3/14/2024
1174	3/14/2024
1175	3/14/2024
1176	5/23/2023
1177	3/14/2024
1178	3/14/2024
1179	3/14/2024
1180	3/14/2024
1181	3/14/2024
1182	3/14/2024
1183	3/14/2024
1184	1/3/2023
1185	3/14/2024
1186	3/14/2024
1187	3/14/2024
1188	3/14/2024
1189	3/14/2024
1190	3/14/2024
1191	1/31/2023
1192	3/14/2024
1193	3/14/2024
1194	3/14/2024
1195	3/14/2024
1196	3/14/2024
1197	3/14/2024
1198	3/14/2024
1199	10/20/2023
1200	3/14/2024
1201	3/14/2024
1202	3/14/2024
1203	3/14/2024
1204	4/17/2023
1205	3/14/2024
1206	3/14/2024
1207	3/14/2024
1208	3/14/2024
1209	3/14/2024
1210	3/14/2024
1211	3/14/2024
1212	3/14/2024
1213	3/14/2024
1214	3/14/2024
1215	8/15/2023
1216	3/14/2024
1217	3/14/2024
1218	3/14/2024
1219	3/14/2024
1220	3/14/2024
1221	4/14/2023
1222	3/14/2024
1223	1/17/2024
1224	3/14/2024
1225	2/24/2023
1226	5/4/2023
1227	3/14/2024
1228	3/14/2024
1229	4/10/2023
1230	9/21/2023
1231	3/14/2024
1232	8/19/2023
1233	3/14/2024
1234	9/8/2023
1235	3/14/2024
1236	3/14/2024
1237	3/22/2023
1238	3/14/2024
1239	3/14/2024
1240	7/28/2023
1241	6/16/2023
1242	9/10/2023
1243	3/14/2024
1244	3/14/2024
1245	3/14/2024
1246	5/18/2023
1247	3/14/2024
1248	3/14/2024
1249	7/18/2023
1250	4/13/2023
1251	3/14/2024
1252	3/14/2024
1253	3/14/2024
1254	3/14/2024
1255	11/17/2023
1256	3/14/2024
1257	3/14/2024
1258	8/9/2023
1259	3/14/2024
1260	8/26/2023
1261	3/14/2024
1262	3/14/2024
1263	6/11/2023
1264	3/14/2024
1265	3/14/2024
1266	3/14/2024
1267	3/14/2024
1268	3/14/2024
1269	3/14/2024
1270	3/14/2024
1271	3/4/2023
1272	9/18/2023
1273	3/14/2024
1274	3/14/2024
1275	3/14/2024
1276	3/14/2024
1277	8/14/2023
1278	3/14/2024
1279	3/14/2024
1280	3/14/2024
1281	3/14/2024
1282	3/14/2024
1283	3/14/2024
1284	3/14/2024
1285	3/14/2024
1286	3/14/2024
1287	3/14/2024
1288	11/20/2023
1289	8/20/2023
1290	3/14/2024
1291	3/14/2024
1292	3/14/2024
1293	6/13/2023
1294	3/14/2024
1295	3/14/2024
1296	3/14/2024
1297	1/31/2023
1298	6/12/2023
1299	3/14/2024
1300	3/14/2024
1301	3/14/2024
1302	4/13/2023
1303	3/14/2024
1304	6/10/2023
1305	3/14/2024
1306	3/14/2024
1307	6/17/2023
1308	3/14/2024
1309	3/14/2024
1310	3/14/2024
1311	3/14/2024
1312	8/17/2023
1313	3/14/2024
1314	3/14/2024
1315	3/14/2024
1316	2/25/2023
1317	12/21/2023
1318	3/14/2024
1319	12/8/2023
1320	3/14/2024
1321	7/14/2023
1322	3/14/2024
1323	3/14/2024
1324	3/14/2024
1325	3/14/2024
1326	3/14/2024
1327	7/10/2023
1328	12/19/2023
1329	3/14/2024
1330	3/14/2024
1331	12/26/2023
1332	3/14/2024
1333	3/14/2024
1334	3/14/2024
1335	3/14/2024
1336	3/14/2024
1337	3/14/2024
1338	3/20/2023
1339	3/14/2024
1340	3/14/2024
1341	12/28/2023
1342	3/14/2024
1343	3/14/2024
1344	11/22/2023
1345	3/14/2024
1346	3/14/2024
1347	3/14/2024
1348	3/14/2024
1349	3/14/2024
1350	3/14/2024
1351	3/14/2024
1352	3/14/2024
1353	3/14/2024
1354	3/14/2024
1355	3/14/2024
1356	3/14/2024
1357	3/14/2024
1358	3/14/2024
1359	3/14/2024
1360	11/18/2023
1361	3/14/2024
1362	12/2/2023
1363	3/14/2024
1364	3/14/2024
1365	3/14/2024
1366	3/14/2024
1367	3/14/2024
1368	3/14/2024
1369	3/14/2024
1370	3/14/2024
1371	10/11/2023
1372	3/14/2024
1373	3/14/2024
1374	9/6/2023
1375	3/14/2024
1376	3/14/2024
1377	3/14/2024
1378	3/14/2024
1379	3/14/2024
1380	3/14/2024
1381	3/14/2024
1382	3/14/2024
1383	8/9/2023
1384	3/30/2023
1385	3/14/2024
1386	11/15/2023
1387	3/14/2024
1388	3/14/2024
1389	3/14/2024
1390	3/14/2024
1391	3/14/2024
1392	3/14/2024
1393	3/14/2024
1394	5/30/2023
1395	10/4/2023
1396	3/14/2024
1397	11/28/2023
1398	3/14/2024
1399	6/7/2023
1400	5/23/2023
1401	3/14/2024
1402	3/14/2024
1403	3/14/2024
1404	9/3/2023
1405	3/14/2024
1406	3/14/2024
1407	3/14/2024
1408	3/14/2024
1409	3/14/2024
1410	3/14/2024
1411	3/14/2024
1412	4/27/2023
1413	3/14/2024
1414	4/7/2023
1415	3/14/2024
1416	6/7/2023
1417	3/14/2024
1418	3/14/2024
1419	3/14/2024
1420	9/2/2023
1421	5/19/2023
1422	3/14/2024
1423	3/14/2024
1424	3/14/2024
1425	3/14/2024
1426	8/28/2023
1427	3/14/2024
1428	3/14/2024
1429	11/2/2023
1430	3/14/2024
1431	3/14/2024
1432	3/14/2024
1433	3/14/2024
1434	2/17/2023
1435	1/31/2024
1436	3/14/2024
1437	3/14/2024
1438	3/14/2024
1439	3/14/2024
1440	3/14/2024
1441	3/14/2024
1442	3/14/2024
1443	3/14/2024
1444	3/14/2024
1445	3/14/2024
1446	3/14/2024
1447	3/14/2024
1448	3/14/2024
1449	3/14/2024
1450	3/14/2024
1451	3/14/2024
1452	3/14/2024
1453	3/14/2024
1454	3/14/2024
1455	3/14/2024
1456	3/14/2024
1457	3/14/2024
1458	3/14/2024
1459	3/14/2024
1460	12/28/2023
1461	3/14/2024
1462	3/14/2024
1463	3/14/2024
1464	8/14/2023
1465	2/16/2023
1466	3/14/2024
1467	3/14/2024
1468	3/14/2024
1469	3/14/2024
1470	3/14/2024
1471	3/14/2024
1472	3/14/2024
1473	9/27/2024
1474	7/29/2024
1475	3/14/2024
1476	1/30/2023
1477	2/21/2023
1478	3/14/2024
1479	3/14/2024
1480	6/24/2023
1481	3/14/2024
1482	3/14/2024
1483	12/8/2023
1484	3/14/2024
1485	3/14/2024
1486	12/11/2023
1487	3/14/2024
1488	3/14/2024
1489	3/14/2024
1490	3/14/2024
1491	3/14/2024
1492	3/14/2024
1493	3/14/2024
1494	3/14/2024
1495	3/14/2024
1496	3/14/2024
1497	3/14/2024
1498	5/26/2023
1499	3/14/2024
1500	6/2/2023
1501	3/14/2024
1502	3/14/2024
1503	3/14/2024
1504	3/14/2024
1505	3/14/2024
1506	3/14/2024
1507	4/18/2023
1508	5/12/2023
1509	3/14/2024
1510	3/14/2024
1511	8/21/2023
1512	3/14/2024
1513	3/14/2024
1514	10/24/2023
1515	3/14/2024
1516	3/14/2024
1517	3/14/2024
1518	3/14/2024
1519	3/14/2024
1520	11/14/2023
1521	3/14/2024
1522	12/14/2023
1523	3/14/2024
1524	3/14/2024
1525	3/14/2024
1526	3/14/2024
1527	3/14/2024
1528	3/14/2024
1529	3/14/2024
1530	3/14/2024
1531	2/11/2023
1532	10/30/2023
1533	3/14/2024
1534	3/14/2024
1535	3/14/2024
1536	3/14/2024
1537	3/14/2024
1538	3/14/2024
1539	3/14/2024
1540	5/27/2024
1541	3/14/2024
1542	3/14/2024
1543	3/14/2024
1544	3/14/2024
1545	3/14/2024
1546	3/14/2024
1547	6/4/2023
1548	9/5/2023
1549	3/14/2024
1550	3/14/2024
1551	3/14/2024
1552	3/14/2024
1553	3/14/2024
1554	3/14/2024
1555	3/14/2024
1556	3/14/2024
1557	3/14/2024
1558	2/6/2023
1559	3/14/2024
1560	3/14/2024
1561	3/14/2024
1562	3/14/2024
1563	3/14/2024
1564	3/14/2024
1565	3/14/2024
1566	8/6/2023
1567	3/14/2024
1568	1/13/2024
1569	3/14/2024
1570	3/14/2024
1571	3/19/2023
1572	3/14/2024
1573	3/14/2024
1574	3/14/2024
1575	5/7/2023
1576	3/14/2024
1577	3/14/2024
1578	3/11/2023
1579	3/14/2024
1580	3/14/2024
1581	3/14/2024
1582	3/14/2024
1583	3/14/2024
1584	3/14/2024
1585	3/14/2024
1586	3/14/2024
1587	3/14/2024
1588	3/14/2024
1589	3/14/2024
1590	3/14/2024
1591	3/14/2024
1592	3/14/2024
1593	3/14/2024
1594	3/14/2024
1595	3/14/2024
1596	3/14/2024
1597	11/22/2023
1598	3/14/2024
1599	3/14/2024
1600	3/14/2024
1601	4/6/2023
1602	3/14/2024
1603	12/14/2023
1604	3/14/2024
1605	4/16/2023
1606	3/14/2024
1607	2/25/2023
1608	8/23/2023
1609	3/14/2024
1610	9/30/2023
1611	5/3/2023
1612	3/14/2024
1613	3/14/2024
1614	3/14/2024
1615	3/14/2024
1616	7/25/2023
1617	3/14/2024
1618	3/14/2024
1619	3/14/2024
1620	3/14/2024
1621	3/14/2024
1622	3/14/2024
1623	3/14/2024
1624	3/14/2024
1625	3/14/2024
1626	7/13/2023
1627	3/14/2024
1628	3/14/2024
1629	3/14/2024
1630	1/1/2023
1631	3/14/2024
1632	3/14/2024
1633	3/14/2024
1634	9/25/2023
1635	12/20/2023
1636	10/16/2023
1637	4/18/2023
1638	3/14/2024
1639	3/14/2024
1640	4/6/2023
1641	3/14/2024
1642	3/14/2024
1643	3/14/2024
1644	3/14/2024
1645	3/14/2024
1646	10/27/2023
1647	3/14/2024
1648	2/4/2023
1649	3/14/2024
1650	3/14/2024
1651	3/14/2024
1652	9/3/2023
1653	8/8/2023
1654	3/14/2024
1655	3/14/2024
1656	3/14/2024
1657	3/14/2024
1658	3/14/2024
1659	9/16/2023
1660	3/14/2024
1661	3/22/2023
1662	1/17/2024
1663	3/14/2024
1664	3/14/2024
1665	3/14/2024
1666	3/14/2024
1667	3/14/2024
1668	3/14/2024
1669	3/14/2024
1670	3/26/2023
1671	3/3/2023
1672	3/14/2024
1673	3/14/2024
1674	8/18/2023
1675	3/14/2024
1676	2/22/2023
1677	3/14/2024
1678	3/14/2024
1679	3/14/2024
1680	3/14/2024
1681	3/14/2024
1682	3/14/2024
1683	3/14/2024
1684	3/14/2024
1685	3/14/2024
1686	3/14/2024
1687	3/14/2024
1688	2/14/2023
1689	3/14/2024
1690	3/19/2023
1691	3/14/2024
1692	10/20/2023
1693	9/13/2023
1694	11/15/2023
1695	4/6/2023
1696	3/14/2024
1697	3/14/2024
1698	3/14/2024
1699	3/14/2024
1700	10/26/2023
1701	3/14/2024
1702	4/11/2023
1703	3/14/2024
1704	5/14/2023
1705	3/14/2024
1706	3/14/2024
1707	6/22/2023
1708	11/30/2023
1709	4/18/2023
1710	3/14/2024
1711	6/30/2023
1712	3/14/2024
1713	3/14/2024
1714	10/8/2023
1715	3/14/2024
1716	3/14/2024
1717	3/14/2024
1718	5/29/2023
1719	3/14/2024
1720	11/30/2023
1721	3/14/2024
1722	3/14/2024
1723	3/14/2024
1724	3/14/2024
1725	3/14/2024
1726	3/14/2024
1727	6/28/2023
1728	11/14/2023
1729	3/14/2024
1730	11/20/2023
1731	3/14/2024
1732	3/14/2024
1733	3/14/2024
1734	3/14/2024
1735	3/14/2024
1736	3/14/2024
1737	3/14/2024
1738	10/10/2023
1739	2/7/2023
1740	3/14/2024
1741	3/14/2024
1742	3/14/2024
1743	3/14/2024
1744	7/9/2023
1745	3/14/2024
1746	10/23/2023
1747	3/14/2024
1748	3/14/2024
1749	3/14/2024
1750	3/14/2024
1751	3/14/2024
1752	3/14/2024
1753	3/14/2024
1754	3/14/2024
1755	3/14/2024
1756	3/14/2024
1757	3/14/2024
1758	4/7/2023
1759	3/14/2024
1760	3/14/2024
1761	3/14/2024
1762	12/25/2023
1763	3/14/2024
1764	3/14/2024
1765	3/14/2024
1766	3/14/2024
1767	3/14/2024
1768	3/14/2024
1769	3/14/2024
1770	5/29/2023
1771	3/14/2024
1772	3/26/2023
1773	3/14/2024
1774	12/9/2023
1775	3/14/2024
1776	3/14/2024
1777	3/14/2024
1778	3/14/2024
1779	3/14/2024
1780	3/14/2024
1781	3/14/2024
1782	3/14/2024
1783	3/14/2024
1784	3/14/2024
1785	3/14/2024
1786	3/14/2024
1787	3/14/2024
1788	10/3/2023
1789	3/14/2024
1790	3/14/2024
1791	3/14/2024
1792	3/14/2024
1793	3/14/2024
1794	3/14/2024
1795	3/14/2024
1796	3/14/2024
1797	3/14/2024
1798	3/14/2024
1799	3/14/2024
1800	3/14/2024
1801	3/14/2024
1802	6/17/2023
1803	1/9/2023
1804	3/14/2024
1805	5/29/2023
1806	10/30/2023
1807	3/14/2024
1808	3/14/2024
1809	2/6/2023
1810	3/14/2024
1811	5/2/2023
1812	3/14/2024
1813	12/24/2023
1814	3/14/2024
1815	7/29/2024
1816	3/14/2024
1817	3/14/2024
1818	3/24/2023
1819	3/14/2024
1820	3/14/2024
1821	3/14/2024
1822	3/14/2024
1823	3/14/2024
1824	3/14/2024
1825	3/14/2024
1826	3/14/2024
1827	3/14/2024
1828	1/24/2024
1829	3/14/2024
1830	3/14/2024
1831	3/14/2024
1832	2/26/2024
1833	3/14/2024
1834	3/14/2024
1835	3/14/2024
1836	3/14/2024
1837	3/14/2024
1838	3/14/2024
1839	6/13/2023
1840	3/14/2024
1841	3/14/2024
1842	3/14/2024
1843	3/14/2024
1844	3/14/2024
1845	3/14/2024
1846	3/14/2024
1847	1/22/2024
1848	2/6/2023
1849	2/19/2023
1850	3/14/2024
1851	8/28/2023
1852	10/7/2023
1853	3/14/2024
1854	8/28/2023
1855	3/14/2024
1856	3/14/2024
1857	3/14/2024
1858	3/14/2024
1859	3/14/2024
1860	3/14/2024
1861	3/14/2024
1862	3/14/2024
1863	3/14/2024
1864	3/14/2024
1865	3/14/2024
1866	3/14/2024
1867	3/14/2024
1868	3/14/2024
1869	3/14/2024
1870	3/14/2024
1871	3/14/2024
1872	3/14/2024
1873	3/14/2024
1874	3/14/2024
1875	3/14/2024
1876	10/17/2023
1877	3/14/2024
1878	3/14/2024
1879	3/14/2024
1880	3/14/2024
1881	9/25/2023
1882	3/14/2024
1883	3/14/2024
1884	3/14/2024
1885	3/14/2024
1886	5/20/2023
1887	3/14/2024
1888	3/14/2024
1889	3/14/2024
1890	3/19/2023
1891	4/1/2023
1892	2/26/2024
1893	3/14/2024
1894	3/14/2024
1895	3/14/2024
1896	3/14/2024
1897	3/14/2024
1898	3/14/2024
1899	3/14/2024
1900	9/3/2023
1901	3/11/2023
1902	3/14/2024
1903	3/14/2024
1904	3/14/2024
1905	3/14/2024
1906	3/14/2024
1907	6/25/2023
1908	3/14/2024
1909	3/14/2024
1910	3/14/2024
1911	3/14/2024
1912	3/14/2024
1913	3/14/2024
1914	11/12/2023
1915	3/14/2024
1916	3/14/2024
1917	3/14/2024
1918	3/14/2024
1919	3/14/2024
1920	3/14/2024
1921	3/14/2024
1922	3/14/2024
1923	4/10/2023
1924	3/14/2024
1925	3/14/2024
1926	3/14/2024
1927	3/14/2024
1928	3/14/2024
1929	7/14/2023
1930	3/14/2024
1931	3/14/2024
1932	3/14/2024
1933	3/14/2024
1934	12/31/2022
1935	3/14/2024
1936	3/14/2024
1937	3/14/2024
1938	3/14/2024
1939	3/8/2023
1940	3/14/2024
1941	3/14/2024
1942	3/14/2024
1943	5/24/2023
1944	3/14/2024
1945	3/14/2024
1946	3/14/2024
1947	11/11/2023
1948	10/10/2023
1949	3/14/2024
1950	3/14/2024
1951	3/14/2024
1952	3/14/2024
1953	3/14/2024
1954	3/14/2024
1955	3/14/2024
1956	11/21/2023
1957	3/14/2024
1958	3/14/2024
1959	3/14/2024
1960	3/14/2024
1961	3/14/2024
1962	3/2/2023
1963	3/14/2024
1964	3/14/2024
1965	3/14/2024
1966	3/14/2024
1967	3/14/2024
1968	6/7/2023
1969	3/14/2024
1970	3/14/2024
1971	5/11/2023
1972	3/14/2024
1973	3/14/2024
1974	3/14/2024
1975	3/14/2024
1976	3/14/2024
1977	3/14/2024
1978	8/8/2023
1979	3/14/2024
1980	4/29/2024
1981	6/6/2023
1982	3/14/2024
1983	3/14/2024
1984	12/21/2023
1985	3/14/2024
1986	3/14/2024
1987	3/14/2024
1988	3/14/2024
1989	3/14/2024
1990	3/14/2024
1991	3/14/2024
1992	3/14/2024
1993	3/14/2024
1994	6/26/2023
1995	3/14/2024
1996	3/14/2024
1997	12/26/2023
1998	4/10/2023
1999	3/14/2024
2000	3/14/2024
2001	5/24/2023
2002	5/24/2023
2005	5/24/2023
2009	5/24/2023
